{
  "x": {
    "BMNR": 0.4160353591607281,
    "BTC-USD": -0.01409172069354706,
    "ETH-USD": 0.2757804664178439,
    "NVDA": -0.01784479499435713,
    "TSLA": 0.10395529507148633,
    "MSTR": -0.09920081453456761,
    "SBET": -0.018669761156320692,
    "ORCL": -0.08579494876768827,
    "T": 0.046486519478462836,
    "JNJ": 0.0715743453222065,
    "GLD": 0.06156394228168147,
    "LIT": 0.14975491972072302,
    "XLRE": 0.004601565088305297,
    "CL=F": -0.049903468275294564,
    "ZW=F": -0.02467343976777939,
    "ZC=F": 0.021181001283697046,
    "SPY": 0.035417906081329165,
    "QQQ": 0.029230162307143873,
    "XLB": 0.04900830189316666,
    "XLC": 0.06539761244244074,
    "XLE": 0.03388248218203367,
    "XLF": 0.04085600022917869,
    "XLI": 0.00040067821819659953,
    "XLK": 0.0166491564840503,
    "XLP": 0.005364179842028901,
    "XLV": 0.04407838453496826,
    "XLY": 0.06872139550733904
  },
  "y": {
    "BMNR": 1.0,
    "BTC-USD": 0.4253852340003673,
    "ETH-USD": 0.5550037761410319,
    "NVDA": 0.6153092834829207,
    "TSLA": 0.721855139650176,
    "MSTR": 0.4581918038912982,
    "SBET": 0.6705282067819457,
    "ORCL": 0.3544386455107689,
    "T": -0.3576080583122947,
    "JNJ": -0.043067502031928925,
    "GLD": 0.16849721811532323,
    "LIT": 0.4468870808692453,
    "XLRE": -0.3495584809313168,
    "CL=F": -0.09278334032381229,
    "ZW=F": -0.1348662017690905,
    "ZC=F": -0.2981071162126892,
    "SPY": 0.6094827057895865,
    "QQQ": 0.6653479645335887,
    "XLB": 0.04750358150198005,
    "XLC": 0.2869689917019733,
    "XLE": -0.09759468678990046,
    "XLF": 0.36059732812257955,
    "XLI": 0.29777758877008037,
    "XLK": 0.590306865392095,
    "XLP": 0.27569313112713734,
    "XLV": -0.20172603322045765,
    "XLY": 0.4715001194557352
  },
  "z": {
    "BMNR": 1.1975868255808284,
    "BTC-USD": 0.010168408421507858,
    "ETH-USD": 1.305861227577186,
    "NVDA": -0.8153099583721363,
    "TSLA": 0.35600663185203696,
    "MSTR": -0.9866182602089011,
    "SBET": 0.3380061453553261,
    "ORCL": -1.2356621600924884,
    "T": 1.1974070525450806,
    "JNJ": 1.9381082602129125,
    "GLD": 2.121910375833823,
    "LIT": 1.3475878254660567,
    "XLRE": 1.1022815501964611,
    "CL=F": -1.526973953367526,
    "ZW=F": -0.22404955857211253,
    "ZC=F": 0.15839559237720652,
    "SPY": 1.3541786050033462,
    "QQQ": 0.7303975638029184,
    "XLB": 1.6102341939191605,
    "XLC": 1.4223420688145518,
    "XLE": 1.1889181437342238,
    "XLF": 1.4576170166138043,
    "XLI": 0.3800195073007258,
    "XLK": 0.354229057917842,
    "XLP": 0.8112872587748932,
    "XLV": 1.2275491727847772,
    "XLY": 1.3626562098709107
  },
  "names": [
    "BMNR",
    "BTC",
    "ETH",
    "NVDA",
    "TSLA",
    "MSTR",
    "SBET",
    "ORCL",
    "T",
    "JNJ",
    "GLD",
    "LIT (Lithium)",
    "XLRE (Real Estate)",
    "CL=F (Crude Oil)",
    "ZW=F (Wheat)",
    "ZC=F (Corn)",
    "SPY (S&P 500)",
    "QQQ (Nasdaq 100)",
    "XLB (Materials)",
    "XLC (Communications)",
    "XLE (Energy)",
    "XLF (Financial)",
    "XLI (Industrials)",
    "XLK (Technology)",
    "XLP (Consumer Staples)",
    "XLV (Healthcare)",
    " XLY (Discretionary)"
  ],
  "colors": [
    "#C7FF33",
    "#C7FF33",
    "#C7FF33",
    "#0077FF",
    "#0077FF",
    "#C7FF33",
    "#0077FF",
    "#C7FF33",
    "#C7FF33",
    "#C7FF33",
    "#C7FF33",
    "#C7FF33",
    "#C7FF33",
    "#C7FF33",
    "#C7FF33",
    "#C7FF33",
    "#C7FF33",
    "#0077FF",
    "#C7FF33",
    "#C7FF33",
    "#C7FF33",
    "#C7FF33",
    "#C7FF33",
    "#C7FF33",
    "#C7FF33",
    "#C7FF33",
    "#C7FF33"
  ],
  "hover_text": {
    "BMNR": "BMNR<br>Normalized Return: 41.60%<br>Correlation: 1.00<br>Sharpe Ratio: 1.20",
    "BTC-USD": "BTC<br>Normalized Return: -1.41%<br>Correlation: 0.43<br>Sharpe Ratio: 0.01",
    "ETH-USD": "ETH<br>Normalized Return: 27.58%<br>Correlation: 0.56<br>Sharpe Ratio: 1.31",
    "NVDA": "NVDA<br>Normalized Return: -1.78%<br>Correlation: 0.62<br>Sharpe Ratio: -0.82",
    "TSLA": "TSLA<br>Normalized Return: 10.40%<br>Correlation: 0.72<br>Sharpe Ratio: 0.36",
    "MSTR": "MSTR<br>Normalized Return: -9.92%<br>Correlation: 0.46<br>Sharpe Ratio: -0.99",
    "SBET": "SBET<br>Normalized Return: -1.87%<br>Correlation: 0.67<br>Sharpe Ratio: 0.34",
    "ORCL": "ORCL<br>Normalized Return: -8.58%<br>Correlation: 0.35<br>Sharpe Ratio: -1.24",
    "T": "T<br>Normalized Return: 4.65%<br>Correlation: -0.36<br>Sharpe Ratio: 1.20",
    "JNJ": "JNJ<br>Normalized Return: 7.16%<br>Correlation: -0.04<br>Sharpe Ratio: 1.94",
    "GLD": "GLD<br>Normalized Return: 6.16%<br>Correlation: 0.17<br>Sharpe Ratio: 2.12",
    "LIT": "LIT (Lithium)<br>Normalized Return: 14.98%<br>Correlation: 0.45<br>Sharpe Ratio: 1.35",
    "XLRE": "XLRE (Real Estate)<br>Normalized Return: 0.46%<br>Correlation: -0.35<br>Sharpe Ratio: 1.10",
    "CL=F": "CL=F (Crude Oil)<br>Normalized Return: -4.99%<br>Correlation: -0.09<br>Sharpe Ratio: -1.53",
    "ZW=F": "ZW=F (Wheat)<br>Normalized Return: -2.47%<br>Correlation: -0.13<br>Sharpe Ratio: -0.22",
    "ZC=F": "ZC=F (Corn)<br>Normalized Return: 2.12%<br>Correlation: -0.30<br>Sharpe Ratio: 0.16",
    "SPY": "SPY (S&P 500)<br>Normalized Return: 3.54%<br>Correlation: 0.61<br>Sharpe Ratio: 1.35",
    "QQQ": "QQQ (Nasdaq 100)<br>Normalized Return: 2.92%<br>Correlation: 0.67<br>Sharpe Ratio: 0.73",
    "XLB": "XLB (Materials)<br>Normalized Return: 4.90%<br>Correlation: 0.05<br>Sharpe Ratio: 1.61",
    "XLC": "XLC (Communications)<br>Normalized Return: 6.54%<br>Correlation: 0.29<br>Sharpe Ratio: 1.42",
    "XLE": "XLE (Energy)<br>Normalized Return: 3.39%<br>Correlation: -0.10<br>Sharpe Ratio: 1.19",
    "XLF": "XLF (Financial)<br>Normalized Return: 4.09%<br>Correlation: 0.36<br>Sharpe Ratio: 1.46",
    "XLI": "XLI (Industrials)<br>Normalized Return: 0.04%<br>Correlation: 0.30<br>Sharpe Ratio: 0.38",
    "XLK": "XLK (Technology)<br>Normalized Return: 1.66%<br>Correlation: 0.59<br>Sharpe Ratio: 0.35",
    "XLP": "XLP (Consumer Staples)<br>Normalized Return: 0.54%<br>Correlation: 0.28<br>Sharpe Ratio: 0.81",
    "XLV": "XLV (Healthcare)<br>Normalized Return: 4.41%<br>Correlation: -0.20<br>Sharpe Ratio: 1.23",
    "XLY": " XLY (Discretionary)<br>Normalized Return: 6.87%<br>Correlation: 0.47<br>Sharpe Ratio: 1.36"
  },
  "timestamp_iso": "2025-09-19T03:36:59.179121+00:00"
}