{
  "x": {
    "BMNR": 0.43844694620723007,
    "BTC-USD": -0.006841516608340686,
    "ETH-USD": 0.2920598862835568,
    "NVDA": 0.037128695043282714,
    "TSLA": 0.14324424347910267,
    "MSTR": -0.0757985112369745,
    "SBET": 0.0770128204101,
    "ORCL": -0.0167743673817255,
    "T": 0.04288290212820242,
    "JNJ": 0.05622312144154916,
    "GLD": 0.019151802621326902,
    "LIT": 0.145588297854934,
    "XLRE": 0.019132983725128942,
    "CL=F": -0.04054661046621911,
    "ZW=F": -0.012578616352201259,
    "ZC=F": -0.010269576379974325,
    "SPY": 0.04374961958559864,
    "QQQ": 0.041886350838643845,
    "XLB": 0.06261531629083336,
    "XLC": 0.051733864697307085,
    "XLE": 0.050356412809895695,
    "XLF": 0.04766530886207584,
    "XLI": 0.024575881800333238,
    "XLK": 0.03683821897106605,
    "XLP": 0.0012474858976130733,
    "XLV": 0.04041781129883441,
    "XLY": 0.08357627777620075
  },
  "y": {
    "BMNR": 1.0,
    "BTC-USD": 0.38423573487780305,
    "ETH-USD": 0.5323746331223678,
    "NVDA": 0.6230463343301619,
    "TSLA": 0.7157896258734749,
    "MSTR": 0.48446313535800783,
    "SBET": 0.6698793839881648,
    "ORCL": 0.3062463807017664,
    "T": -0.32493641600502465,
    "JNJ": 0.02821008694916582,
    "GLD": 0.23528550040263194,
    "LIT": 0.5064224709804581,
    "XLRE": -0.3286819034084767,
    "CL=F": -0.08956610263441594,
    "ZW=F": -0.05450929885185391,
    "ZC=F": -0.22507605806852263,
    "SPY": 0.5856378667854233,
    "QQQ": 0.6518226753707552,
    "XLB": 0.0627166729511323,
    "XLC": 0.26145742735754957,
    "XLE": -0.04841743024831895,
    "XLF": 0.3844075715703671,
    "XLI": 0.2756393381075336,
    "XLK": 0.5682607185458884,
    "XLP": 0.3356359167774472,
    "XLV": -0.1686581611073508,
    "XLY": 0.44069339545545305
  },
  "z": {
    "BMNR": 1.184147320939001,
    "BTC-USD": 0.39898998770388777,
    "ETH-USD": 1.3578216489784944,
    "NVDA": -0.27245208446009367,
    "TSLA": 0.6298927820349709,
    "MSTR": -0.666933256351313,
    "SBET": 0.48603655968342785,
    "ORCL": -0.6701807007504975,
    "T": 0.9799502488046503,
    "JNJ": 1.632013498809589,
    "GLD": 1.4844229224727987,
    "LIT": 1.0715200741834394,
    "XLRE": 1.026225978209601,
    "CL=F": -1.0041059040331195,
    "ZW=F": -0.20040198796219294,
    "ZC=F": -0.1587179268619191,
    "SPY": 1.4674099759027306,
    "QQQ": 0.9203008009683596,
    "XLB": 1.8501429834272738,
    "XLC": 1.094723545141538,
    "XLE": 2.226701897715343,
    "XLF": 1.437323244694173,
    "XLI": 0.9929491598455317,
    "XLK": 0.6525065799639371,
    "XLP": 0.6106258587256743,
    "XLV": 1.1882374827816278,
    "XLY": 1.5962384423272655
  },
  "names": [
    "BMNR",
    "BTC",
    "ETH",
    "NVDA",
    "TSLA",
    "MSTR",
    "SBET",
    "ORCL",
    "T",
    "JNJ",
    "GLD",
    "LIT (Lithium)",
    "XLRE (Real Estate)",
    "CL=F (Crude Oil)",
    "ZW=F (Wheat)",
    "ZC=F (Corn)",
    "SPY (S&P 500)",
    "QQQ (Nasdaq 100)",
    "XLB (Materials)",
    "XLC (Communications)",
    "XLE (Energy)",
    "XLF (Financial)",
    "XLI (Industrials)",
    "XLK (Technology)",
    "XLP (Consumer Staples)",
    "XLV (Healthcare)",
    " XLY (Discretionary)"
  ],
  "colors": [
    "#C7FF33",
    "#C7FF33",
    "#C7FF33",
    "#0077FF",
    "#0077FF",
    "#C7FF33",
    "#0077FF",
    "#C7FF33",
    "#C7FF33",
    "#C7FF33",
    "#C7FF33",
    "#C7FF33",
    "#C7FF33",
    "#C7FF33",
    "#C7FF33",
    "#C7FF33",
    "#C7FF33",
    "#0077FF",
    "#C7FF33",
    "#C7FF33",
    "#C7FF33",
    "#C7FF33",
    "#C7FF33",
    "#C7FF33",
    "#C7FF33",
    "#C7FF33",
    "#C7FF33"
  ],
  "hover_text": {
    "BMNR": "BMNR<br>Normalized Return: 43.84%<br>Correlation: 1.00<br>Sharpe Ratio: 1.18",
    "BTC-USD": "BTC<br>Normalized Return: -0.68%<br>Correlation: 0.38<br>Sharpe Ratio: 0.40",
    "ETH-USD": "ETH<br>Normalized Return: 29.21%<br>Correlation: 0.53<br>Sharpe Ratio: 1.36",
    "NVDA": "NVDA<br>Normalized Return: 3.71%<br>Correlation: 0.62<br>Sharpe Ratio: -0.27",
    "TSLA": "TSLA<br>Normalized Return: 14.32%<br>Correlation: 0.72<br>Sharpe Ratio: 0.63",
    "MSTR": "MSTR<br>Normalized Return: -7.58%<br>Correlation: 0.48<br>Sharpe Ratio: -0.67",
    "SBET": "SBET<br>Normalized Return: 7.70%<br>Correlation: 0.67<br>Sharpe Ratio: 0.49",
    "ORCL": "ORCL<br>Normalized Return: -1.68%<br>Correlation: 0.31<br>Sharpe Ratio: -0.67",
    "T": "T<br>Normalized Return: 4.29%<br>Correlation: -0.32<br>Sharpe Ratio: 0.98",
    "JNJ": "JNJ<br>Normalized Return: 5.62%<br>Correlation: 0.03<br>Sharpe Ratio: 1.63",
    "GLD": "GLD<br>Normalized Return: 1.92%<br>Correlation: 0.24<br>Sharpe Ratio: 1.48",
    "LIT": "LIT (Lithium)<br>Normalized Return: 14.56%<br>Correlation: 0.51<br>Sharpe Ratio: 1.07",
    "XLRE": "XLRE (Real Estate)<br>Normalized Return: 1.91%<br>Correlation: -0.33<br>Sharpe Ratio: 1.03",
    "CL=F": "CL=F (Crude Oil)<br>Normalized Return: -4.05%<br>Correlation: -0.09<br>Sharpe Ratio: -1.00",
    "ZW=F": "ZW=F (Wheat)<br>Normalized Return: -1.26%<br>Correlation: -0.05<br>Sharpe Ratio: -0.20",
    "ZC=F": "ZC=F (Corn)<br>Normalized Return: -1.03%<br>Correlation: -0.23<br>Sharpe Ratio: -0.16",
    "SPY": "SPY (S&P 500)<br>Normalized Return: 4.37%<br>Correlation: 0.59<br>Sharpe Ratio: 1.47",
    "QQQ": "QQQ (Nasdaq 100)<br>Normalized Return: 4.19%<br>Correlation: 0.65<br>Sharpe Ratio: 0.92",
    "XLB": "XLB (Materials)<br>Normalized Return: 6.26%<br>Correlation: 0.06<br>Sharpe Ratio: 1.85",
    "XLC": "XLC (Communications)<br>Normalized Return: 5.17%<br>Correlation: 0.26<br>Sharpe Ratio: 1.09",
    "XLE": "XLE (Energy)<br>Normalized Return: 5.04%<br>Correlation: -0.05<br>Sharpe Ratio: 2.23",
    "XLF": "XLF (Financial)<br>Normalized Return: 4.77%<br>Correlation: 0.38<br>Sharpe Ratio: 1.44",
    "XLI": "XLI (Industrials)<br>Normalized Return: 2.46%<br>Correlation: 0.28<br>Sharpe Ratio: 0.99",
    "XLK": "XLK (Technology)<br>Normalized Return: 3.68%<br>Correlation: 0.57<br>Sharpe Ratio: 0.65",
    "XLP": "XLP (Consumer Staples)<br>Normalized Return: 0.12%<br>Correlation: 0.34<br>Sharpe Ratio: 0.61",
    "XLV": "XLV (Healthcare)<br>Normalized Return: 4.04%<br>Correlation: -0.17<br>Sharpe Ratio: 1.19",
    "XLY": " XLY (Discretionary)<br>Normalized Return: 8.36%<br>Correlation: 0.44<br>Sharpe Ratio: 1.60"
  },
  "timestamp_iso": "2025-08-30T16:05:08.788309+00:00"
}